{
    "openapi": "3.0.0",
    "info": {
        "title": "Example API",
        "contact": {
            "name": "Support Team",
            "email": "support@example.com"
        },
        "version": "1.0"
    },
    "paths": {
        "/api/users/account/create": {
            "post": {
                "tags": [
                    "Account"
                ],
                "operationId": "create",
                "parameters": [
                    {
                        "name": "account",
                        "in": "query",
                        "description": "The device is required",
                        "required": true,
                        "schema": {
                            "type": "string"
                        }
                    },
                    {
                        "name": "brandId",
                        "in": "query",
                        "description": "The brandId is required",
                        "required": true,
                        "schema": {
                            "type": "string"
                        }
                    }
                ],
                "responses": {
                    "200": {
                        "description": "Returns some sample category things",
                        "content": {
                            "application/json": {
                                "schema": {}
                            }
                        }
                    },
                    "400": {
                        "description": "Error: Bad request. When required parameters were not supplied."
                    }
                },
                "security": [
                    {
                        "apiAuth": []
                    }
                ]
            }
        },
        "/api/get-symbols": {
            "get": {
                "tags": [
                    "Calculators"
                ],
                "operationId": "getsymbols",
                "responses": {
                    "200": {
                        "description": "Returns some sample category things",
                        "content": {
                            "application/json": {
                                "schema": {}
                            }
                        }
                    },
                    "400": {
                        "description": "Error: Bad request. When required parameters were not supplied."
                    }
                },
                "security": [
                    {
                        "apiAuth": []
                    }
                ]
            }
        },
        "/api/get-symbols-rates": {
            "get": {
                "tags": [
                    "Calculators"
                ],
                "operationId": "getsymbolsrates",
                "parameters": [
                    {
                        "name": "symbol",
                        "in": "query",
                        "description": "The symbol is required",
                        "required": true,
                        "schema": {
                            "type": "string"
                        }
                    }
                ],
                "responses": {
                    "200": {
                        "description": "Returns some sample category things",
                        "content": {
                            "application/json": {
                                "schema": {}
                            }
                        }
                    },
                    "400": {
                        "description": "Error: Bad request. When required parameters were not supplied."
                    }
                },
                "security": [
                    {
                        "apiAuth": []
                    }
                ]
            }
        },
        "/api/register": {
            "post": {
                "tags": [
                    "User"
                ],
                "operationId": "register",
                "parameters": [
                    {
                        "name": "name",
                        "in": "query",
                        "description": "The name is reuired",
                        "required": true,
                        "schema": {
                            "type": "string"
                        }
                    },
                    {
                        "name": "email",
                        "in": "query",
                        "description": "The email is required",
                        "required": true,
                        "schema": {
                            "type": "string"
                        }
                    },
                    {
                        "name": "password",
                        "in": "query",
                        "description": "The password is required",
                        "required": true,
                        "schema": {
                            "type": "string"
                        }
                    },
                    {
                        "name": "device",
                        "in": "query",
                        "description": "The device is required",
                        "required": true,
                        "schema": {
                            "type": "string"
                        }
                    },
                    {
                        "name": "brandId",
                        "in": "query",
                        "description": "The brandId is required",
                        "required": true,
                        "schema": {
                            "type": "string"
                        }
                    }
                ],
                "responses": {
                    "200": {
                        "description": "Returns some sample category things",
                        "content": {
                            "application/json": {
                                "schema": {}
                            }
                        }
                    },
                    "400": {
                        "description": "Error: Bad request. When required parameters were not supplied."
                    }
                }
            }
        },
        "/api/login": {
            "post": {
                "tags": [
                    "User"
                ],
                "operationId": "login",
                "parameters": [
                    {
                        "name": "device",
                        "in": "query",
                        "description": "The device is required",
                        "required": true,
                        "schema": {
                            "type": "string"
                        }
                    },
                    {
                        "name": "brandId",
                        "in": "query",
                        "description": "The brandId is required",
                        "required": true,
                        "schema": {
                            "type": "string"
                        }
                    },
                    {
                        "name": "email",
                        "in": "query",
                        "description": "The email is required",
                        "required": true,
                        "schema": {
                            "type": "string"
                        }
                    },
                    {
                        "name": "password",
                        "in": "query",
                        "description": "The password is required",
                        "required": true,
                        "schema": {
                            "type": "string"
                        }
                    }
                ],
                "responses": {
                    "200": {
                        "description": "Returns some sample category things",
                        "content": {
                            "application/json": {
                                "schema": {}
                            }
                        }
                    },
                    "400": {
                        "description": "Error: Bad request. When required parameters were not supplied."
                    }
                }
            }
        }
    },
    "components": {
        "securitySchemes": {
            "apiAuth": {
                "type": "http",
                "description": "Login with email and password to get the authentication token",
                "name": "Token based Based",
                "in": "header",
                "bearerFormat": "JWT",
                "scheme": "bearer"
            }
        }
    }
}