{"data":[
    {"id":19,"Name":"Howell Hand","Description":"Kiehn-Green","progress":70,"created":"Mar 3, 2021","created_mm_dd_yyyy":"03-03-2021"},
    {"id":11,"Name":"Hope Howe","Description":"Nolan Inc","progress":68,"created":"Dec 1, 2021","created_mm_dd_yyyy":"12-01-2021"},
    {"id":32,"Name":"Nelson Jerde","Description":"Nitzsche LLC","progress":49,"created":"May 18, 2021","created_mm_dd_yyyy":"05-18-2021"},
    {"id":22,"Name":"Kim Weimann","Description":"Brown-Lueilwitz","progress":38,
        "created":"May 4, 2021","created_mm_dd_yyyy":"05-04-2021"},
    {"id":34,"Name":"Justice O'Reilly",
        "Description":"Lakin-Muller","progress":100,"created":"Mar 27, 2021","created_mm_dd_yyyy":"03-27-2021"},
    {"id":48,"Name":"Adrienne Mayer III",
        "Description":"Kozey, McLaughlin and Kuhn","progress":39,"created":"Mar 29, 2021","created_mm_dd_yyyy":"03-29-2021"},
    {"id":20,"Name":"Mr. Julien Ebert",
        "Description":"Cormier LLC","progress":29,"created":"Jun 25, 2021","created_mm_dd_yyyy":"06-25-2021"},
    {"id":47,"Name":"Lenna Smitham",
    "Description":"King Inc","progress":59,"created":"Oct 8, 2021","created_mm_dd_yyyy":"10-08-2021"},
    {"id":24,"Name":"Travis Davis",
    "Description":"Leannon and Sons","progress":52,"created":"Oct 20, 2021","created_mm_dd_yyyy":"10-20-2021"},
    {"id":49,"Name":"Prof. Esteban Steuber"
    ,"Description":"Langosh-Ernser","progress":34,"created":"May 16, 2021","created_mm_dd_yyyy":"05-16-2021"},
    {"id":36,"Name":"Russell Goodwin V",
    "Description":"Nolan-Stracke","progress":55,"created":"Apr 22, 2021","created_mm_dd_yyyy":"04-22-2021"},
    {"id":33,"Name":"Ms. Cassidy Wiegand DVM",
    "Description":"Kuhlman-Hahn","progress":76,"created":"Sep 16, 2021","created_mm_dd_yyyy":"09-16-2021"},
    {"id":44,"Name":"Mr. Watson Brakus PhD",
    "Description":"Osinski, Bins and Kuhn","progress":58,"created":"Jun 22, 2021","created_mm_dd_yyyy":"06-22-2021"},
    {"id":46,"Name":"Mr. Garrison Friesen V",
    "Description":"VonRueden, Rippin and Pfeffer","progress":39,"created":"Oct 19, 2021","created_mm_dd_yyyy":"10-19-2021"},
    {"id":14,"Name":"Ms. Sister Morar",
    "Description":"Gusikowski, Altenwerth and Abbott","progress":34,"created":"Jun 11, 2021","created_mm_dd_yyyy":"06-11-2021"},
    {"id":40,"Name":"Ms. Laisha Reinger",
    "Description":"Boehm PLC","progress":73,"created":"Nov 2, 2021","created_mm_dd_yyyy":"11-02-2021"},
    {"id":5,"Name":"Cameron Lind",
    "Description":"Tremblay, Padberg and Pouros","progress":59,"created":"Sep 14, 2021","created_mm_dd_yyyy":"09-14-2021"},
    {"id":43,"Name":"Sarai Little",
    "Description":"Deckow LLC","progress":49,"created":"Jun 13, 2021","created_mm_dd_yyyy":"06-13-2021"},
    {"id":2,"Name":"Shyann Kautzer",
    "Description":"Osinski, Boehm and Kihn","progress":41,"created":"Feb 15, 2021","created_mm_dd_yyyy":"02-15-2021"},
    {"id":15,"Name":"Lorna Christiansen","Description":"Altenwerth-Friesen","progress":36,"created":"Mar 9, 2021","created_mm_dd_yyyy":"03-09-2021"}]}
